<?xml version="1.0" encoding="utf-8" ?>

<Defs>
  
  <WorkGiverDef>
    <defName>DoBillsProstheticsTable</defName>
	  <label>Craft prosthetic</label>
    <giverClass>WorkGiver_DoBill</giverClass>
    <workType>Smithing</workType>
    <priorityInType>75</priorityInType>
    <fixedBillGiverDefs>
	    <li>TableSyrProsthetics</li>
	  </fixedBillGiverDefs>
    <verb>work</verb>
    <gerund>working at</gerund>
    <requiredCapacities>
      <li>Manipulation</li>
    </requiredCapacities>
    <prioritizeSustains>true</prioritizeSustains>
  </WorkGiverDef>

</Defs>