<?xml version="1.0" encoding="utf-8"?>
<ModMetaData>
    <name>[SYR] Prosthetic Table</name>
    <author>Syrchalis</author>
    <supportedVersions>
        <li>1.0</li>
        <li>1.1</li>
        <li>1.2</li>
        <li>1.3</li>
        <li>1.4</li>
    </supportedVersions>
	<url>https://ludeon.com/forums/index.php?topic=43449</url>
    <description>Adds a single workbench for all prosthetics. This is mainly an enhancement to vanilla, however it supports all mods that use the fabricator and machining table. For example [FSF] Vanilla Bionics Expansion. Mods that have their own workbenches are generally not supported, mostly because there is no reason to.</description>
    <packageId>syrchalis.prosthetictable</packageId>
    <modDependencies>
    <li>
        <packageId>brrainz.harmony</packageId>
        <displayName>Harmony</displayName>
        <steamWorkshopUrl>steam://url/CommunityFilePage/2009463077</steamWorkshopUrl>
        <downloadUrl>https://github.com/pardeike/HarmonyRimWorld/releases/latest</downloadUrl>
    </li>
</modDependencies>
</ModMetaData>